-- phpMyAdmin SQL Dump
-- version 5.0.1
-- https://www.phpmyadmin.net/
--
-- Host: 127.0.0.1
-- Generation Time: Jun 23, 2020 at 11:42 PM
-- Server version: 10.4.11-MariaDB
-- PHP Version: 7.2.31

SET SQL_MODE = "NO_AUTO_VALUE_ON_ZERO";
SET AUTOCOMMIT = 0;
START TRANSACTION;
SET time_zone = "+00:00";


/*!40101 SET @OLD_CHARACTER_SET_CLIENT=@@CHARACTER_SET_CLIENT */;
/*!40101 SET @OLD_CHARACTER_SET_RESULTS=@@CHARACTER_SET_RESULTS */;
/*!40101 SET @OLD_COLLATION_CONNECTION=@@COLLATION_CONNECTION */;
/*!40101 SET NAMES utf8mb4 */;

--
-- Database: `ofeed_db`
--

-- --------------------------------------------------------

--
-- Table structure for table `categories`
--

CREATE TABLE `categories` (
  `id` bigint(20) UNSIGNED NOT NULL,
  `name` varchar(255) COLLATE utf8mb4_unicode_ci NOT NULL,
  `created_at` timestamp NULL DEFAULT NULL,
  `updated_at` timestamp NULL DEFAULT NULL,
  `cat_code` varchar(255) COLLATE utf8mb4_unicode_ci NOT NULL
) ENGINE=InnoDB DEFAULT CHARSET=utf8mb4 COLLATE=utf8mb4_unicode_ci;

--
-- Dumping data for table `categories`
--

INSERT INTO `categories` (`id`, `name`, `created_at`, `updated_at`, `cat_code`) VALUES
(1, 'التحليل الفني', '2020-06-22 17:12:18', '2020-06-22 17:12:18', 'ta'),
(2, 'انفوجرافيك', '2020-06-22 17:12:18', '2020-06-22 17:12:18', 'ig'),
(3, 'القسم التعليمي', '2020-06-22 17:12:18', '2020-06-22 17:12:18', 'lf'),
(4, 'اخبار العملات', '2020-06-22 17:12:18', '2020-06-22 17:12:18', 'fn'),
(5, 'السوق السعودي', '2020-06-23 15:56:54', '2020-06-23 15:56:54', 'ss'),
(6, 'جراف العملات', '2020-06-23 15:57:54', '2020-06-23 15:57:54', 'fg'),
(7, 'التحليل الاساسي', '2020-06-23 15:58:54', '2020-06-23 15:58:54', 'fc'),
(8, 'العملات الرقمية', '2020-06-23 15:59:54', '2020-06-23 15:59:54', 'cc'),
(9, 'اخبار العملات', '2020-06-23 16:00:54', '2020-06-23 16:00:54', 'fn'),
(10, 'السوق المصري', '2020-06-23 16:01:54', '2020-06-23 16:01:54', 'es');

-- --------------------------------------------------------

--
-- Table structure for table `comments`
--

CREATE TABLE `comments` (
  `id` bigint(20) UNSIGNED NOT NULL,
  `body` text COLLATE utf8mb4_unicode_ci NOT NULL,
  `approved` tinyint(1) NOT NULL DEFAULT 0,
  `reg_user_id` bigint(20) UNSIGNED NOT NULL,
  `post_id` bigint(20) UNSIGNED NOT NULL,
  `created_at` timestamp NULL DEFAULT NULL,
  `updated_at` timestamp NULL DEFAULT NULL
) ENGINE=InnoDB DEFAULT CHARSET=utf8mb4 COLLATE=utf8mb4_unicode_ci;

--
-- Dumping data for table `comments`
--

INSERT INTO `comments` (`id`, `body`, `approved`, `reg_user_id`, `post_id`, `created_at`, `updated_at`) VALUES
(1, 'Lorem ipsum dolor sit amet, consectetur adipiscing elit, sed do eiusmod tempor incididunt ut labore et dolore magna aliqua. Ut enim ad minim veniam, quis nostrud exercitation ullamco laboris nisi ut aliquip ex ea commodo consequat. Duis aute irure dolor in reprehenderit in voluptate velit esse cillum dolore eu fugiat nulla pariatur. Excepteur sint occaecat cupidatat non proident, sunt in culpa qui officia deserunt mollit anim id est laborum.', 1, 1, 6, '2020-06-23 11:09:59', '2020-06-23 11:09:59'),
(2, 'Lorem ipsum dolor sit amet, consectetur adipiscing elit, sed do eiusmod tempor incididunt ut labore et dolore magna aliqua. Ut enim ad minim veniam, quis nostrud exercitation ullamco laboris nisi ut aliquip ex ea commodo consequat. Duis aute irure dolor in reprehenderit in voluptate velit esse cillum dolore eu fugiat nulla pariatur. Excepteur sint occaecat cupidatat non proident, sunt in culpa qui officia deserunt mollit anim id est laborum.', 0, 1, 6, '2020-06-23 11:10:59', '2020-06-23 11:10:59');

-- --------------------------------------------------------

--
-- Table structure for table `failed_jobs`
--

CREATE TABLE `failed_jobs` (
  `id` bigint(20) UNSIGNED NOT NULL,
  `connection` text COLLATE utf8mb4_unicode_ci NOT NULL,
  `queue` text COLLATE utf8mb4_unicode_ci NOT NULL,
  `payload` longtext COLLATE utf8mb4_unicode_ci NOT NULL,
  `exception` longtext COLLATE utf8mb4_unicode_ci NOT NULL,
  `failed_at` timestamp NOT NULL DEFAULT current_timestamp()
) ENGINE=InnoDB DEFAULT CHARSET=utf8mb4 COLLATE=utf8mb4_unicode_ci;

-- --------------------------------------------------------

--
-- Table structure for table `likes`
--

CREATE TABLE `likes` (
  `id` bigint(20) UNSIGNED NOT NULL,
  `reg_user_id` bigint(20) UNSIGNED NOT NULL,
  `post_id` bigint(20) UNSIGNED NOT NULL,
  `created_at` timestamp NULL DEFAULT NULL,
  `updated_at` timestamp NULL DEFAULT NULL
) ENGINE=InnoDB DEFAULT CHARSET=utf8mb4 COLLATE=utf8mb4_unicode_ci;

-- --------------------------------------------------------

--
-- Table structure for table `member_groups`
--

CREATE TABLE `member_groups` (
  `id` bigint(20) UNSIGNED NOT NULL,
  `group_name` varchar(255) COLLATE utf8mb4_unicode_ci NOT NULL,
  `is_admin` tinyint(1) NOT NULL,
  `is_author` tinyint(1) NOT NULL,
  `is_reg_user` tinyint(1) NOT NULL,
  `created_at` timestamp NULL DEFAULT NULL,
  `updated_at` timestamp NULL DEFAULT NULL
) ENGINE=InnoDB DEFAULT CHARSET=utf8mb4 COLLATE=utf8mb4_unicode_ci;

--
-- Dumping data for table `member_groups`
--

INSERT INTO `member_groups` (`id`, `group_name`, `is_admin`, `is_author`, `is_reg_user`, `created_at`, `updated_at`) VALUES
(1, 'Admin', 1, 0, 0, '2020-06-22 14:59:29', '2020-06-22 15:01:50'),
(2, 'Author', 0, 1, 0, '2020-06-22 15:03:50', '2020-06-22 15:03:50'),
(3, 'RegUser', 0, 0, 1, '2020-06-22 15:08:37', '2020-06-22 15:08:37');

-- --------------------------------------------------------

--
-- Table structure for table `migrations`
--

CREATE TABLE `migrations` (
  `id` int(10) UNSIGNED NOT NULL,
  `migration` varchar(255) COLLATE utf8mb4_unicode_ci NOT NULL,
  `batch` int(11) NOT NULL
) ENGINE=InnoDB DEFAULT CHARSET=utf8mb4 COLLATE=utf8mb4_unicode_ci;

--
-- Dumping data for table `migrations`
--

INSERT INTO `migrations` (`id`, `migration`, `batch`) VALUES
(1, '2014_10_12_000000_create_users_table', 1),
(2, '2014_10_12_100000_create_password_resets_table', 1),
(3, '2019_08_19_000000_create_failed_jobs_table', 1),
(4, '2020_06_22_121739_create_categories_table', 2),
(5, '2020_06_22_140756_create_member_groups_table', 2),
(6, '2020_06_22_155806_create_reg_users_table', 3),
(13, '2020_06_22_155934_create_posts_table', 9),
(14, '2020_06_22_159438_create_comments_table', 10),
(15, '2020_06_22_159944_create_likes_table', 11),
(16, '2020_06_23_054055_add-column-views_count-to-table-posts', 12),
(17, '2020_06_23_154713_add_cat_code_to_categories_table', 13);

-- --------------------------------------------------------

--
-- Table structure for table `password_resets`
--

CREATE TABLE `password_resets` (
  `email` varchar(255) COLLATE utf8mb4_unicode_ci NOT NULL,
  `token` varchar(255) COLLATE utf8mb4_unicode_ci NOT NULL,
  `created_at` timestamp NULL DEFAULT NULL
) ENGINE=InnoDB DEFAULT CHARSET=utf8mb4 COLLATE=utf8mb4_unicode_ci;

-- --------------------------------------------------------

--
-- Table structure for table `posts`
--

CREATE TABLE `posts` (
  `id` bigint(20) UNSIGNED NOT NULL,
  `slug` varchar(255) COLLATE utf8mb4_unicode_ci NOT NULL,
  `title` varchar(255) COLLATE utf8mb4_unicode_ci NOT NULL,
  `body` text COLLATE utf8mb4_unicode_ci NOT NULL,
  `thumbnail` varchar(255) COLLATE utf8mb4_unicode_ci DEFAULT NULL,
  `likes_count` int(10) UNSIGNED NOT NULL,
  `approved` tinyint(1) NOT NULL DEFAULT 0,
  `published_at` timestamp NULL DEFAULT NULL,
  `reg_user_id` bigint(20) UNSIGNED NOT NULL,
  `category_id` bigint(20) UNSIGNED NOT NULL,
  `created_at` timestamp NULL DEFAULT NULL,
  `updated_at` timestamp NULL DEFAULT NULL,
  `views_count` int(10) UNSIGNED NOT NULL
) ENGINE=InnoDB DEFAULT CHARSET=utf8mb4 COLLATE=utf8mb4_unicode_ci;

--
-- Dumping data for table `posts`
--

INSERT INTO `posts` (`id`, `slug`, `title`, `body`, `thumbnail`, `likes_count`, `approved`, `published_at`, `reg_user_id`, `category_id`, `created_at`, `updated_at`, `views_count`) VALUES
(1, 'الدريس-يحقق-مستهدفنا-الأول-ويقترب-من-المستهدف-الثاني-والان-ننصح-بالاتي', 'الدريس يحقق مستهدفنا الأول ويقترب من المستهدف الثاني والان ننصح بالاتي', 'حققت شركة الدريس للخدمات البترولية والنقليات \"الدريس\" نمواً بواقع 1.34% في صافي الأرباح خلال الربع الأول من عام 2020 على أساس سنوي.\r\n\r\nووفقاً لبيانات الشركة المالية على \"تداول\"، بلغ صافي الربح 30.3 مليون ريال بعد الزكاة والضريبة، مقابل 29.9 مليون ريال في الربع الأول من عام 2019.\r\n\r\nوعزت الشركة نمو الأرباح إلى زيادة المبيعات لقطاع بترول، وزيادة أرباح الاستثمار في المشروع المشترك، وانخفاض المصاريف التسويقية ومصاريف الزكاة.\r\n\r\nوعلى أساس ربعي، هبطت أرباح \"الدريس\" 86.7% مقارنة مع أرباح الربع السابق والبالغة 228 مليون ريال.\r\n\r\nوارتفعت مبيعات الشركة 12.16% بالربع الأول من العام الحالي إلى 1.46 مليار ريال، مقارنة مع 1.3 مليار ريال في الربع المماثل من العام الماضي.\r\n\r\nالتحليل الفني لسهم شركة الدريس للخدمات البترولية والنقليات \"الدريس\"\r\nالسهم يتحرك في اتجاه صاعد على المدى القصير الأجل وفي اتجاه عرضي على المدى المتوسط  الأجل وفي اتجاه صاعد على المدى الطويل الأجل حيث ارتفع منذ مارس 2019 الى بداية عام 2020 من مستوى 28.00 ريال الى قرب مستوى 65.00 ريال .\r\n\r\n وكنا قد اشارنا في التحليل الأخير للسهم(لينك المقال) انه بالقرب من مستوى مقاومة رئيسية بين مستوى 55.50 ومستوى 56.50 ريال وتوقعنا انه في حالة نجاح القوى الشرائية في الاستقرار بالتعاملات أعلى مستوى 56.50 وهو الأرجح حاليا ان يكون مستهدف السهم عند مستوى 60.00 ثم 65.00 ريال وهي أهداف واردة التحقق على المدى القصير والمتوسط الأجل.\r\n\r\nوبالفعل ارتفع السهم محققا مستهدفه الاول في جلسة الأمس واقترب من تحقيق المستهدف الثاني في جلسة اليوم حيث سجل مستوى 63.50 ريال .\r\n\r\nوالان ننصح بالبدء في جني الأرباح على مراحل مع الصعود وذلك لإعادة الشراء عند هبوط السهم .\r\n\r\n ونرى ان الاحتفاظ بالسهم سيظل أمن على المدى القصير الأجل ما لم يستقر أسفل مستوى 60.00 ريال وأمن على المدى المتوسط الأجل ما لم يستقر أسفل مستوى 55.00 ريال وأمن على المدى الطويل الأجل ما لم يستقر أسفل مستوى 50.00 ريال .', '940d914c-5e88-4781-bece-d78fe72f142e.jpg', 3, 1, '2020-06-15 17:55:44', 1, 5, '2020-06-15 06:55:44', '2020-06-15 08:58:03', 5),
(2, 'القطاع-الصناعي-في-بريطانيا-يعود-إلى-النمو', 'القطاع الصناعي في بريطانيا يعود إلى النمو\r\n', 'عاد القطاع الصناعي في بريطانيا إلى التعافي والنمو خلال شهر يونيو وذلك وفقا لبيانات إحصائية مدراء المشتريات، وذلك بعد قيام الحكومة بتخفيف إجراءات الاغلاق والتباعد الاجتماعي مما ساعد على عودة النشاط الصناعي إلى التعافي بشكل تدريجي، بينما لا يزال قطاع الخدمات يشهد انكماش بالرغم من تحسن قراءته.\r\n\r\nمؤشر مدراء المشتريات الصناعي في بريطانيا خلال شهر يونيو سجل 50.1 بعد أن كانت القراءة السابقة بقيمة 40.7 وقد تم تعديلها من 40.6 بينما أشارت التوقعات إلى 45.2، يذكر أن القراءة فوق المستو 50 تدل على انتعاش القطاع بينما القراءة تحت 50 تشير إلى استمرار الانكماش\r\n\r\nالبيانات تظهر زيادة طفيفة في نشاط التصنيع وهو الأول في أربعة أشهر، وذلك في ظل ارتفاع أحجام الإنتاج بعد إعادة الفتح الجزئي للمصانع، ولكن بالرغم من هذا استمر المؤشر الفرعي لإجمالي الطلبات الجديدة في التراجع وذلك بسبب تراجع المبيعات الجديدة والاعتماد فقط على استكمال عقود البيع الجديدة.\r\n\r\nمن جهة أخرى تحسنت قراءة مؤشر مدراء المشتريات لقطاع الخدمات عن شهر يونيو بقيمة 47.0 ولكنه يظل داخل منطقة الركود، ولكنه شهد تحسن كبير مقارنة مع القراءة السابقة لشهر مايو بقيمة 29.0 والتي تم تعديلها من 27.8 بينما كانت التوقعات تشير إلى 39.1.\r\n\r\nهذا وقد كانت البيانات كافية لدفع الجنيه الإسترليني إلى التعافي لليوم الثاني على التوالي مقابل الدولار الأمريكي، ليتداول الزوج في تمام الساعة 09:09 بتوقيت غرينتش عند المستوى 1.2473 بعد أن افتتح جلسة اليوم عند 1.2453 وكان قد سجل أعلى مستوى عند 1.2513.', '4d8f7f02-d77d-4cc0-aab1-5517f709899a.jpg', 4, 1, '2020-06-16 17:56:44', 1, 6, '2020-06-16 17:56:44', '2020-06-16 17:56:44', 0),
(3, 'تعافي-كبير-في-مستويات-اليورو-بعد-تقلص-انكماش-منطقة-اليورو', 'تعافي كبير في مستويات اليورو بعد تقلص انكماش منطقة اليورو\r\n', 'استطاع اليورو التعافي بشكل ملحوظ خلال تداولات اليوم الثلاثاء ولليوم الثاني على التوالي ليسجل أعلى مستوياته منذ أسبوع تقريباً مقابل الدولار، وذلك بعد البيانات التي أظهرت تقلص انكماش اقتصاد منطقة اليورو.\r\n\r\nفي تمام الساعة 08:49 بتوقيت غرينتش تداول زوج اليورو مقابل الدولار عند المستوى 1.1283 و1لك بعد أن افتتح تداولات اليوم عند المستوى 1.1252 مسجلا أعلى مستوى في أسبوع عند 1.1305.\r\n\r\nصدر اليوم عن اقتصاد منطقة اليورو بيانات إحصائية مدراء المشتريات التي تقيس أداء القطاع الصناعي وقطاع الخدمات عن شهر يونيو، والتي أظهرت تقلص التدهور الذي شهدته هذه القطاعات خلال الفترة الأخيرة بسبب جائحة كورونا، وذلك في ظل عودة الدول إلى تخفيف إجراءات الاغلاق.\r\n\r\nالحكومات في أوروبا قامت بتخفيف إجراءات الاغلاق والتباعد الاجتماعي وذلك على الرغم من استمرار تسجيل حالات جديدة للإصابة بفيروس كورونا المستجد، الفيروس الذي أصاب 9 ملاين شخص حول العالم وتسبب في وفاة نصف مليون شخص حتى الآن.\r\n\r\nمؤشر مدراء المشتريات المركب من القطاع الصناعي والقطاع الخدمي عن منطقة اليورو خلال شهر يونيو والذي يعد مقياساً جيداً لصحة الاقتصاد تعافى إلى المستوى 47.5 بعد أن كانت قراءة شهر مايو الماضية بقيمة 31.9 بينما كان قد سجل مستوى منخفض تاريخي في شهر ابريل بقيمة 13.6.\r\n\r\nجدير بالذكر أن قراءة المؤشر فوق 50 تدل على تعافي القطاع بينما القراءة تحت 50 تدل على استمرار الانكماش.\r\n\r\nالتوقعات تشير أن الناتج المحلي الإجمالي في منطقة اليورو في طريقه إلى تسجيل انكماش غير مسبوق خلال الربع الثاني من العام، ولكن تحسن قراءات مؤشر مدراء المشتريات يدل أن رفع القيود من قبل الدول الأوروبية سيساعد في انهاء الانكماش الاقتصادي خلال النصف الثاني من العام.\r\n\r\nمؤشر مدراء المشتريات الصناعي في منطقة اليورو سجل 46.9 في يونيو من 39.4 وكانت التوقعات عند 43.8، بينما سجل مؤشر مدراء المشتريات لقطاع الخدمات 47.3 وكانت القراءة السابقة 30.5 والتوقعات عند 40.5.\r\n\r\nفي فرنسا استطاع المؤشر أن يعود إلى منطقة النمو فوق المستوى 50، فقد سجل المؤشر الصناعي 52.1 وكانت قراءة شهر مايو بقيمة 40.6 والتوقعات عند 46.1، كما عاد مؤشر أداء قطاع الخدمات إلى النمو أيضاً ليسجل 50.3 من 31.1 والتوقعات عند 44.9.\r\n\r\nأما في ألمانيا فلا تزال القطاعات الاقتصادية في حالة انكماش، فقد سجل مؤشر مدراء المشتريات الصناعي 44.6 في يونيو من القراءة السابقة 36.6 والتوقعات عند 41.5. بينما سجل المؤشر الخدمي 45.8 من القراءة السابقة 32.6 والتوقعات عند 41.7.', '40fc0813-5901-4450-b831-bb721280f324.jpg', 44, 1, '2020-06-17 17:57:44', 1, 7, '2020-06-17 17:57:44', '2020-06-17 17:57:44', 0),
(4, 'اليوان-الرقمي-الصيني-قد-يخرج-إلى-النور-قريبًا', 'اليوان الرقمي الصيني قد يخرج إلى النور قريبًا', 'تدور العديد من الشائعات مؤخرًا حول اليوان الرقمي الذي يهدف إلى إنشاء بنية تحتية للدفع الرقمي، ولكن يبدو أن اليوان الرقمي يمكن أن يظهر قريبًا ليصبح أول عملة رقمية مدعومة من الدولة.\r\n\r\nقال وانغ تشونغ مين النائب السابق لرئيس المجلس الوطني لصندوق الضمان الاجتماعي بالبنك المركزي الصيني، إن الصين أنهت تطوير القاعدة الخلفية للعملة الرقمية للبنك المركزي الصيني.\r\n\r\nوفي الوقت نفسه فإن اليوان الرقمي في مرحلة متقدمة حيث تجري الصين الاختبارات بمساعدة شركات كبرى مثل Alibaba و Tencent و Huawei و China Merchants Bank ، في حين يقوم المسؤولون بصياغة الجوانب القانونية التي يجب أن تسهل بدء وتشغيل العملة الافتراضية.\r\n\r\nذكر Zhongmin أن جائحة كورونا الحالية قد عززت الاهتمام بالعملات المشفرة، وخاصة المشاريع المتعلقة بالبنية التحتية للدفع، حيث تتطلع الصين إلى منافسة عملة فيسبوك الرقمية المتأزمة حاليا الليبرا.\r\n\r\nوتوقع جلين وو رئيس ليدجر فولت في منطقة آسيا والمحيط الهادئ، في وقت سابق من هذا الشهر، أنه يعتقد أن اتفاقية اليوان الرقمي عند حدوثها ستكون من أول الاتفاقيات الحقيقية ذات الاستخدام الحقيقي على مستوى العالم.\r\n\r\nقد تكون هناك تجارب مبكرة مع شركات عملاقة مثل ماكدونالدز وستاربكس من شأنها توسيع نطاق استخدام اتفاقية التنوع البيولوجي.\r\n\r\nأشارت آخر الأخبار إلى أن كل من إيطاليا وسنغافورة يتسابقان مع الصين لاحتضان العملة الرقمية للبنك المركزي.\r\n\r\nهذا وتتداول العملة الرقمية الأكثر شهرة في العالم البيتكوين والأكبر من حيث القيمة السوقية على ارتفاع حاليًا بنسبة 1 في المائة عند 9،456 دولار، حيث لا يزال المستوى 9،500 دولار يمثل منطقة مقاومة رئيسية.\r\n\r\nمن الجدير بالذكر أن البيتكوين سجلت انخفاضًا إلى المستوى 4،106.98 دولارًا في 13 مارس، لكنها ارتفعت بقوة حتى وصلت إلى أعلى مستوى عند 10199.56 دولار في 1 يونيو، وفقًا لـ CoinMarketCap.\r\n\r\nلا تزال البيتكوين في صدارة أسواق العملات المشفرة مع هيمنة بنسبة 64.7 في المائة، ولكن معدل الهيمنة تراجع من 69.9 بالمائة المسجل في سبتمبر من العام الماضي.\r\n\r\nفي حين أن البيتكوين لديها أعلى قيمة سوقية تبلغ 173.7 مليار دولار، بينما لا تزال عملة التيثير الثابتة تحتفظ بأكبر حجم تداول على مدار 24 ساعة بقيمة 20.5 مليار دولار.', 'aa2897bf-3450-45f3-8e9c-81bbdfe1d2ed.jpg', 12, 1, '2020-06-18 17:58:44', 1, 8, '2020-06-18 17:58:44', '2020-06-18 17:58:44', 3),
(5, 'عودة-تفشي-كورونا-يدفع-المركزي-الصيني-إلى-تثبيت-سعر-الفائدة', 'عودة تفشي كورونا يدفع المركزي الصيني إلى تثبيت سعر الفائدة', 'أبقى البنك المركزي الصيني أسعار الفائدة دون تغيير ليأتي هذا القرار في الوقت الذي عادت حالات الإصابة بفيروس كورونا المستجد إلى التزايد من جديد في الصين، الأمر الذي قد يبقي على تحفيز المركزي الصيني مستمر لفترة أطول من الوقت.\r\n\r\nقرار البنك جاء ليوافق التوقعات في الأسواق، فقد ثبت البنك المركزي الصيني أسعار فائدة الإقراض الرئيسية لأجل عام عند 3.85% والفائدة لأجل 5 أعوام عند 4.65%، يأتي هذا بعد أيام قليلة من إعلان الحكومة المركزية أنه قد يكون هناك تخفيض في نسبة متطلبات الاحتياطي (RRR) للمساعدة في تحفيز الاقتصاد.\r\n\r\nهذا ويتطلع المركزي الصيني إلى تخفيض مستهدف لنسبة متطلبات الاحتياطي (RRR) بمقدار 0.5% على أن يتم تطبيقه على بعض البنوك الصينية وفقاً للمتطلبات المحددة لاستخدام السيولة للشركات الصغيرة والمتوسطة.\r\n\r\nالجدير بالذكر انه لا يزال من الممكن خفض سعر الفائدة من قبل البنك المركزي الصيني ولكن قد لا يكون في شكل معدلات القروض الأولية ولكن من خلال برنامج إعادة الإقراض الخاص للشركات الصغيرة والمتوسطة.\r\n\r\nمن جهة أخرى ارتفع اليوان الصيني مقابل الدولار بعد قرار البنك المركزي الصيني بتثبيت أسعار الفائدة دون تغيير، ولكن من غير المتوقع أن يستمر هذا الارتفاع طويلاً طالما أن المخاطر الخارجية التي يواجها الاقتصاد الصيني لم تتغير.\r\n\r\nإحدى أهم هذه المخاطر هي حرب التكنولوجيا مع بعض الاقتصادات وعلى رأسهم الولايات المتحدة. والشيء الآخر هو أن حالات الإصابة بفيروس كورونا وإجراءات التباعد الاجتماعي أبقت الطلب العالمي عند مستوى منخفض جدًا، الأمر الذي سيواصل الإضرار بطلبات التصدير للصين.', '90eb55a9-ac64-45a3-ad66-85a0068e7752.jpg', 11, 1, '2020-06-19 17:59:44', 1, 4, '2020-06-19 17:59:44', '2020-06-19 17:59:44', 0),
(6, 'فوري-يحقق-مستهدفنا-ويسجل-أعلى-سعر-في-تاريخه', 'فوري يحقق مستهدفنا ويسجل أعلى سعر في تاريخه', 'أظهرت القوائم المالية لشركة فوري لتكنولوجيا البنوك والمدفوعات الإلكترونية، خلال الربع الأول من 2020، ارتفاع أرباحها بنسبة 82 بالمائة، على أساس سنوي.\r\n\r\nوأوضحت الشركة في بيان لبورصة مصر، أنها حققت أرباحاً بلغت 38.04 مليون جنيه، مقابل أرباح بلغت 20.9 مليون جنيه في الربع المقارن من 2019.\r\n\r\nوارتفعت إيرادات نشاط الشركة خلال الفترة إلى 257.99 مليون جنيه، مقابل إيرادات بلغت 173.88 مليون جنيه في الفترة المقارنة من 2019.\r\n\r\nوعلى مستوى أعمال الشركة المستقلة، بلغت أرباحها خلال الربع الأول من 2020 نحو 41.56 مليون جنيه، مقابل 18.27 مليون جنيه في الفترة المقارنة من العام الماضي.\r\n\r\nوحققت الشركة أرباحاً بلغت 130.38 مليون جنيه خلال العام الماضي، مقابل أرباح بلغت 69.23 مليون جنيه في العام السابق له.\r\n\r\n التحليل الفني لسهم شركة فوري لتكنولوجيا البنوك والمدفوعات الإلكترونية\r\nالسهم يتحرك في اتجاه صاعد على المدى القصير والمتوسط الأجل وحتي الان لا يوجد اتجاه على المدى الطويل الأجل وذلك كون السهم حديث الادراج في البورصة المصرية ولم يمر على ادارجه عام .\r\n\r\n وكنا قد اشارنا في التحليل الأخير للسهم انه نجح في التعاملات الأخيرة في تحقيق اداء متميز حيث تفوق على اداء المؤشر العام للبورصة المصرية وكذلك على الكثير من الأسهم المتداولة ، حيث ارتفع السهم مخترقا قمته السابقة ومنطقة المقاومة الرئيسية له بين مستوى 10.50 -11.00 جنيه .\r\n\r\nوبناء عليه توقعنا (لينك المقال) ان يستمر السهم في الارتفاع مستهدفا مستوى مقاومة 261.80% من نسب فيبوناتشي وذلك على المدى القصير والمتوسط الأجل .\r\n\r\nوبالفعل ارتفع السهم محققا مستهدفه في جلسة اليوم حيث سجل أعلى سعر عند مستوى 13.60 جنيه .\r\n\r\nوالان ننصح بالبدء في جني الأرباح على مراحل مع الصعود وذلك لإعادة الشراء عند هبوط السهم .\r\n\r\n ونرى ان الاحتفاظ بالسهم سيظل أمن على المدى القصير الأجل ما لم يستقر أسفل مستوى 11.00 جنيه وأمن على المدى المتوسط وطويل الأجل ما لم يستقر أسفل مستوى 9.00 جنيه .', 'd470861e-e44f-4dae-988c-04af738641fb.jpg', 42, 1, '2020-06-20 17:59:48', 1, 10, '2020-06-20 17:55:48', '2020-06-20 17:55:48', 0),
(7, 'التحليل-الفني-ليوم-15-يونيه-', 'التحليل الفني ليوم 15 يونيه 2020', 'ليورو مقابل الدولار\r\n\r\nيتحرك اليورو مقابل الدولار الأمريكي في اتجاه صاعد على الفاصل الزمني الساعة على الرغم من الهبوط ومن المحتمل الوصول إلي مستوي 1.1100 قبل الصعود مرة اخري\r\n\r\nمستويات المقاومة : 1.1350 – 1.1400 – 1.1500\r\n\r\nمستويات الدعم : 1.1100 – 1.1200 – 1.1250\r\n\r\nالاتجاه : صاعد    \r\n\r\nالإسترليني مقابل الدولار\r\n\r\nيتحرك زوج الإسترليني مقابل الدولار الأمريكي في اتجاه صاعد ومن المحتمل ان يهبط إلي مستوي 1.2500 قبل الصعود مرة اخري  \r\n\r\nالمقاومة : 1.22 50 – 1.2500 – 1.2700  \r\n\r\nالدعم : 1.1500 – 1.1400 – 1.1200\r\n\r\nالاتجاه : صاعد  الدولار مقابل الين\r\n\r\nيتحرك الدولار مقابل الين الياباني في اتجاه هابط  على الفاصل الزمني الساعة بعد كسر القناة الكلاسيكية الصاعدة ، من المحتمل الهبوط من هذه المستويات حتي مستوي 105.00\r\n\r\nالمقاومة : 112.00 – 115.00 – 117.00\r\n\r\nالدعم : 105.30 – 101.00 – 100.00\r\n\r\nالاتجاه : هابط     \r\n\r\n\r\n الذهب\r\n\r\nيتحرك الذهب فى اتجاه صاعد على الفاصل الزمني الساعة ومن المحتمل ان يصعد إلي مستوي 1760\r\n\r\nالمقاومة  : 1800 -1850 – 1900\r\n\r\nالدعم  : 1650 - - 1600  - 1550\r\n\r\nالاتجاه : صاعد   \r\nالنفط\r\n\r\nيتحرك النفط ( خام برنت) فى اتجاه هابط  على الفاصل الزمني الساعة ، السعر يستهدف مستوي سعري 35.00 دولار للبرميل\r\n\r\nالمقاومة :  45.00 – 50.00 – 55.00\r\n\r\nالدعم : 25.00 – 30.00 – 35.00\r\n\r\nالاتجاه : هابط  \r\n\r\n   \r\n', '699b48e4-bf34-4b31-a9f7-8b4a0f87f7b2.jpeg', 3, 1, '2020-06-23 17:11:21', 1, 1, '2020-06-23 17:11:21', '2020-06-23 17:11:21', 9),
(8, 'التحليل-الفني-ليوم--8-يونيه-2020', 'التحليل الفني ليوم 8 يونيه 2020', 'اليورو مقابل الدولار\r\n\r\nيتحرك اليورو مقابل الدولار الأمريكي في اتجاه صاعد على الفاصل الزمني الساعة ، السعر يعيد اختبار مستوي الدعم 1.1250 ومن المتوقع ان يستهدف مستوي 1.1300\r\n\r\nمستويات المقاومة : 1.1350 – 1.1400 – 1.1500\r\n\r\nمستويات الدعم : 1.1100 – 1.1200 – 1.1250\r\n\r\nالاتجاه : صاعد    \r\n\r\nالإسترليني مقابل الدولار\r\n\r\nيتحرك زوج الإسترليني مقابل الدولار الأمريكي في اتجاه صاعد ، السعر صعد من مستوي الدعم المتمثل فى خط الاتجاه الصاعد ونتوقع المزيد من الصعود اليوم\r\n\r\nالمقاومة : 1.22 50 – 1.2500 – 1.2700  \r\n\r\nالدعم : 1.1500 – 1.1400 – 1.1200\r\n\r\nالاتجاه : صاعد  \r\n\r\n الدولار مقابل الين\r\n\r\nيتحرك الدولار مقابل الين الياباني في اتجاه صاعد  على الفاصل الزمني الساعة ، السعر هبط بقوة كما توقعنا بالأمس ولكنه ما زال فى اتجاه صاعد ومن المحتمل استكمال الصعود خلال ساعات\r\n\r\nالمقاومة : 112.00 – 115.00 – 117.00\r\n\r\nالدعم : 105.30 – 101.00 – 100.00\r\n\r\nالاتجاه : صاعد    \r\n\r\n\r\n الذهب\r\n\r\nيتحرك الذهب فى اتجاه هابط على الفاصل الزمني الساعة ، من المحتمل صعوده حتي مستوي سعري 1720 خلال الساعات القادمة.\r\n\r\nالمقاومة  : 1800 -1850 – 1900\r\n\r\nالدعم  : 1650 - - 1600  - 1550\r\n\r\nالاتجاه : هابط  النفط\r\n\r\nيتحرك النفط ( خام برنت) فى اتجاه صاعد  على الفاصل الزمني الساعة واخترق مستوي سعري 40.00 لذلك نتوقع المزيد من الصعود حتي مستوي سعري 45.00 دولار للبرميل\r\n\r\nالمقاومة :  45.00 – 50.00 – 55.00\r\n\r\nالدعم : 25.00 – 30.00 – 35.00\r\n\r\nالاتجاه : صاعد\r\n\r\n  ', '29840de9-3dbb-4003-aa15-3c602ea3be1b.jpeg', 4, 1, '2020-06-23 17:12:21', 1, 1, '2020-06-23 17:12:21', '2020-06-23 17:12:21', 22),
(9, 'التحليل-الفني-ليوم--6-يونيه-2020', 'التحليل الفني ليوم 6 يونيه 2020', 'اليورو مقابل الدولار\r\n\r\nيتحرك اليورو مقابل الدولار الأمريكي في اتجاه صاعد على الفاصل الزمني الساعة ، السعر يعيد اختبار مستوي الدعم 1.1250 ومن المتوقع ان يستهدف مستوي 1.1300\r\n\r\nمستويات المقاومة : 1.1350 – 1.1400 – 1.1500\r\n\r\nمستويات الدعم : 1.1100 – 1.1200 – 1.1250\r\n\r\nالاتجاه : صاعد\r\n\r\nالإسترليني مقابل الدولار\r\n\r\nيتحرك زوج الإسترليني مقابل الدولار الأمريكي في اتجاه صاعد ، السعر صعد من مستوي الدعم المتمثل فى خط الاتجاه الصاعد ونتوقع المزيد من الصعود اليوم\r\n\r\nالمقاومة : 1.22 50 – 1.2500 – 1.2700  \r\n\r\nالدعم : 1.1500 – 1.1400 – 1.1200\r\n\r\nالاتجاه : صاعد  \r\n\r\n الدولار مقابل الين\r\n\r\nيتحرك الدولار مقابل الين الياباني في اتجاه صاعد  على الفاصل الزمني الساعة ، اختراقه للحد العلوي من القناة الكلاسيكية الصاعدة يشير إلي تشبع شرائي ومن المحتمل التصحيح خلال ساعات\r\n\r\nالمقاومة : 112.00 – 115.00 – 117.00\r\n\r\nالدعم : 105.30 – 101.00 – 100.00\r\n\r\nالاتجاه : صاعد    \r\n\r\n\r\n الذهب\r\n\r\nيتحرك الذهب فى اتجاه هابط على الفاصل الزمني الساعة ، الذهب يواجه مستوي دعم متمثل فى الحد السفلي للقناة الكلاسيكية الهابطة ومن المحتمل صعوده خلال الساعات القادمة  \r\n\r\nالمقاومة  : 1800 -1850 – 1900\r\n\r\nالدعم  : 1650 - - 1600  - 1550\r\n\r\nالاتجاه : هابطالنفط\r\n\r\nيتحرك النفط ( خام برنت) فى اتجاه صاعد  على الفاصل الزمني الساعة واخترق مستوي سعري 40.00 لذلك نتوقع المزيد من الصعود حتي مستوي سعري 45.00 دولار للبرميل\r\n\r\nالمقاومة :  45.00 – 50.00 – 55.00\r\n\r\nالدعم : 25.00 – 30.00 – 35.00\r\n\r\nالاتجاه : صاعد\r\n\r\n  ', '02d6e8e9-e263-4410-bf30-a9da3293e2e4.jpeg', 21, 0, '2020-06-23 17:14:21', 1, 1, '2020-06-23 17:14:21', '2020-06-23 17:14:21', 22),
(10, 'الذهب-يقفز-إلى-الأعلى-في-شهر-وسط-تجدد-مخاوف-عدوى-كورونا', 'الذهب يقفز إلى الأعلى في شهر وسط تجدد مخاوف عدوى كورونا\r\n', 'ارتفعت أسعار الذهب إلى أعلى مستوى لها في شهر اليوم الاثنين حيث أثار القلق بشأن الموجة الثانية من عدوى فيروس كورونا تعزيز الطلب على الملاذ الآمن ليرتفع المعدن الثمين، ومع ذلك تراجع السعر بعد اقترابه من 1760 دولارًا للأونصة.\r\n\r\nبعد أن ارتفع الذهب بنسبة 1.27 في المئة يوم الجمعة ليسجل مكاسبه الأسبوعية الثانية على التوالي الأسبوع الماضي، استأنف المعدن الأصفر ارتفاعه اليوم ليصل إلى قمة جديدة عند 1758.59 دولار للأونصة وهو أعلى مستوى منذ 18 مايو.\r\n\r\nومع ذلك فشل الذهب في الحفاظ على المكاسب حيث تراجع إلى 1747 دولارًا للأونصة، حيث اقترب من المقاومة الواقعة عند 1760 دولارًا.\r\n\r\nوفي الوقت نفسه، هناك مخاوف من أن جائحة كورونا قد يبدأ موجة أخرى بعد أن تمكنت العديد من البلدان في جميع أنحاء العالم من تسوية المنحنى وإعادة فتح أنشطتها الاقتصادية.\r\n\r\nفي شمال ألمانيا تم الإبلاغ عن 1000 إصابة جديدة الأسبوع الماضي، وبالتالي رفع معدل تكاثر الفيروس من 1.06 إلى 2.88، وهو أعلى مستوى في عدة أسابيع.\r\n\r\nأيضًا دفع ارتفاع ملحوظ في حالات كورونا الجديدة في الولايات المتحدة شركة Apple إلى إغلاق متاجرها في أربع ولايات.\r\n\r\nسجلت منظمة الصحة العالمية يوم الأحد أكبر ارتفاع في يوم واحد في حالات Covid-19 حسب إحصاءاتها، في أكثر من 183000 حالة جديدة في آخر 24 ساعة.\r\n\r\nوهذا يعني أن معدل الإصابة بالفيروس يتسارع مرة أخرى بعد أن أعادت عدة اقتصادات فتح نشاطها التجاري.\r\n\r\nوانخفض مؤشر يورو ستوكس 600 بنسبة 0.23 في المائة إلى 364.63 نقطة ليخلف الخسائر في آسيا.\r\n\r\nهناك عامل رئيسي آخر يمكن أن يفسر ارتفاع الذهب الأخير هو المخاوف من ارتفاع التضخم، حيث تواصل البنوك المركزية الرئيسية في الإعلان عن خطط التحفيز لتعزيز الانتعاش الاقتصادي.\r\n\r\nفي الأسبوع الماضي، عزز البنك المركزي البريطاني تحفيزه بمقدار 100 مليار جنيه استرليني ليصل إلى ما مجموعه 745 مليار جنيه استرليني، بينما حث رئيس البنك الاحتياطي الفيدرالي جيروم باول الكونجرس على عدم وقف الدعم الاقتصادي للاقتصاد.\r\n\r\nفي مايو قفز الذهب إلى قمة 1765 دولارًا للأونصة، وهو مستوى لم يلامسه منذ عام 2012، حيث قد يستهدف 1800 دولارًا للأونصة في الفترة المقبلة، شريطة أن يخترق السعر 1760 دولارًا.\r\n\r\nفيما يتعلق بالانتعاش الأخير للدولار، يبدو أنه لا يسبب أي قلق لمتداولين الذهب لأن كلا من الذهب والدولار يتحركان معًا حيث يتم التعامل معهم كأصول الملاذ الآمن.\r\n\r\nتداول مؤشر الدولار الذي يقيس تحركات العملة الخضراء مقابل سلة من العملات الرئيسية، على انخفاض عند 97.35، بعد ارتداده من القاع عند 95.68 المسجل في 10 يونيو.', '584f1bc6-fa17-4e36-b5c6-9a229d08551a.jpg', 33, 1, '2020-06-23 20:43:37', 2, 7, '2020-06-23 20:43:37', '2020-06-23 20:43:37', 9),
(11, 'المركزي-البريطاني-يثبت-أسعار-الفائدة-ويزيد-البرنامج-التحفيزي', 'المركزي البريطاني يثبت أسعار الفائدة ويزيد البرنامج التحفيزي', 'قرر البنك المركزي البريطاني اليوم تثبيت سياسته النقدية دون تغيير ليوافق توقعات الأسواق، حيث قرر البنك الإبقاء على أسعار الفائدة ثابتة دون تغيير عند 0.10% وذلك بإجماع أعضاء لجنة السياسة النقدية التسعة.\r\n\r\nمن جهة أخرى قرر البنك البريطاني زيادة برنامج شراء الأصول والسندات إلى 745 مليار جنيه إسترليني ليوافق التوقعات بزيادة مقدارها 100 مليار جنيه إسترليني وذلك بعد أن كانت قيمة البرنامج 645 مليار جنيه إسترليني، يذكر أن قرار زيادة البرنامج التحفيزي لم يكن بإجماع الأعضاء حيث صوت أحد الأعضاء التسعة رفض الزيادة في قيمة البرنامج.\r\n\r\nهذا وقد أكد البنك المركزي البريطاني أنه يستهدف الوصول بمعدلات التضخم إلى المستوى المستهدف عند 2% في ظل تحقيق نمو مستدام ناتج عن عملية توظيف كاملة، خاصة بعد التدهور الكبير في معدلات النمو خلال الربع الأول، ومع توقعات أن تراجع النمو غير الربع الثاني من العامل سيكون أقل من مثيلة خلال الربع الأول وفقاً للبيانات الاقتصادية الصادرة مؤخراً.\r\n\r\nمن جهة أخرى يرى البنك أن القرارات الاستثنائية الأخيرة قد ساعدت الاقتصاد لمواجهة تداعيات تفشي وباء كورونا وأدت إلى تعافي في معدلات الإنفاق العائلي وتحرك عجلة قطاع الخدمات في ظل التسهيلات النقدية والائتمانية الأخيرة.\r\n\r\nيتوقع البنك المركزي البريطاني أيضاً أن يشهد النمو في بريطانيا تراجع خلال النصف الأول من العام بسبب تداعيات فيروس كورونا، وذلك وفقاً لسيناريو وضعه البنك لتطورات الأوضاع وتدخلات البنوك المركزية والحكومات حول العالم.\r\n\r\nأيضاً يتوقع البنك أن يرتفع معدل البطالة بشكل كبير بسبب تراجع عمليات التوظيف بشكل حاد بسبب قرارات اغلاق الاقتصاد خلال الفترة الماضية، إلى جانب إجراءات التباعد الاجتماعي التي أثرت بالسلب على العديد من الخدمات والتي ستدفع الاقتصاد إلى الانكماش وقد يستغرق فترة للعودة إلى التعافي خلال النصف الثاني من العام الجاري.\r\n\r\nمعدلات النمو في بريطانيا انخفضت بنسبة 20% خلال شهر ابريل الماضي بعد انخفاض آخر بنسبة 6% في مارس بينما استقر معدل البطالة بنسبة 3.9% في شهر ابريل دون تغير عن مارس، وتراجع التضخم إلى 0.8% في ابريل من 1.5%.\r\n\r\nاستمر الجنيه الإسترليني في التراجع مقابل الدولار الأمريكي للجلسة الثالثة على التوالي وسجل أدنى مستوى اليوم عند 1.2474 بعد أن افتتح تداولات اليوم عند المستوى 1.2536.', '12ca6ea5-f1a1-4c62-8666-a44da883768b.jpg', 6, 1, '2020-06-23 20:44:37', 2, 7, '2020-06-23 20:44:37', '2020-06-23 20:44:37', 11),
(14, 'فيسبوك-يزيد-من-أهمية-إدراج-العملات-الرقمية-في-التعاملات-المستقبلية', 'فيسبوك يزيد من أهمية إدراج العملات الرقمية في التعاملات المستقبلية', 'مع التغير الكبير والتطور التكنولوجي الذي يشمل جميع أنحاء العالم خلال الفترة الحالية، يبدو أن عملية تحويل الأموال بين الأفراد بشكل أسرع عن طريق العملات الرقمية هي الشغل الشاغل الحالي الذي يولي له الفيسبوك الاهتمام الاكبر.\r\n\r\nوفقاً لعملاق التواصل الاجتماعي فيسبوك، تم تغيير العلامة التجارية لمحفظة Calibra الرقمية إلى Novi، والتي تحتوي على التطورات التي ستجعل إرسال الأموال حول العالم أمراً سهلاً، حيث وفقاً لتصريحات فيسبوك تعتبر هذا المحفظة اسهل للوصل إليها من قبل المستخدمين علن طريق تطبيق ماسنجر وواتساب وذلك من خلال تطبيق قائم بذاته خاص بها.\r\n\r\nوفقاً لرئيس شركة Calibra ديفيد ماركوس والذي أصبح رئيس Novi الآن فان اول منتج ستشهده شركة نوفي هو محفظة ليبرا الرقمية وهو نظام دفع جديد يعتمد على تكنولوجيا البلوكتشين المبتكرة.\r\n\r\nقال ماركوس أثناء حديثه أيضاً أن رؤية نوفي هي رؤية متمركزة في تجسد حلم الكثيرين في صناعة العملات الرقمية والبلوكتشين في دعم العملاء غير المصرفيين، مضيفاً إلى أنه لن تكون هناك رسوم خفية لإضافة الأموال وارسالها او استلامها او سحبها، ولكن سيتم التحويل على الفور.\r\n\r\nمن ناحية أخر قد تكون الأداة الجديدة التي يلجأ إليها الفيسبوك للتغلب على الضغوط التنظيمية التي واجهته الشركة منذ إعلانها عن إطلاق عملة الليبرا في بداية العام الماضي.', '3ba14c28-f7af-450c-9e9e-0136f20fbbb9.jpg', 21, 1, '2020-06-23 21:07:47', 2, 8, '2020-06-23 21:07:47', '2020-06-23 21:07:47', 15),
(15, 'البيتكوين-تقترب-من-تحقيق-مستويات-9000-بعد-الانقسام', 'البيتكوين تقترب من تحقيق مستويات 9000 بعد الانقسام', 'ارتفعت عملة البيتكوين خلال تعاملات اليوم وبعد حدث كبير في سوق العملات الرقمية ينتظره السوق كل أربع سنوات للحد من كمية العملة الرقمية بين المتداولين وهو الانقسام، والذي جاء بعد الارتفاع الكبير الذي حركه انتشار فيروس كورونا في جميع انحاء العالم واضطراب أسواق الأسهم بشكل ملحوظ.\r\n\r\nارتفعت عملة البيتكوين اليوم بنسبة تصل إلى نحو 2.62% واقتربت من مستويات 8989.77 دولار.\r\n\r\nبينما ارتفعت أيضاً عملة الريبل لتستقر بالقرب من مستوى 0.1985 دولار بارتفاع تصل نسبته إلى نحو 0.64%.\r\n\r\nيُذكر أيضاً أن الإيثريوم قد ساده الارتفاع الطفيف اليوم أيضاً واستقر بالقرب من مستويات 190.80 دولار أمريكي، حيث سجل نسبة ارتفاع تصل إلى نحو 0.51%.\r\n\r\nعلى الجانب الآخر تراجعت أيضاً عملة البيتكوين كاش بنسبة تصل إلى نحو  0.69% وتم تداولها الآن قرب مستوى 232.61 دولار.\r\n\r\nشاركت عملة البيتكوين اس في البيتكوين كاش في التراجع خلال جلسة اليوم، حيث سجلت انخفاض وصلت نسبته إلى نحو 186.89 دولار أمريكي بنسبة تراجع تصل إلى 0.21%.\r\n\r\nمن ناحية أخرى يحدث ما يسمى بحدث الانقسام كل أربع سنوات ويتم فيه تخفيض المكافآت التي يتلقاها من يقوم بالتعدين عن البيتكوين.\r\n\r\nيتوقع الكثير من المستثمرين ان يرتفع سعر البيتكوين بعد حدث الانقسام إلى أكثر من 10000 دولار أمريكي مع تراجع المعروض من عملة البيتكوين في سوق العملات الرقمية.\r\n\r\nتتأثر عملة البيتكوين كثيراً باضطرابات الاسواق العالمية بسبب فيروس كورونا خاصةً بعد أن اتجهت أغلب الاقتصادات نحو رفع قيود الإغلاق ولكن يبقى الخوف من عودة معدل الاصابات المرتفع من جديد.', 'deb18302-4b24-4b4e-a9ac-4c144b946918.jpg', 41, 1, '2020-06-23 21:08:47', 2, 8, '2020-06-23 21:08:47', '2020-06-23 21:08:47', 33);

-- --------------------------------------------------------

--
-- Table structure for table `reg_users`
--

CREATE TABLE `reg_users` (
  `id` bigint(20) UNSIGNED NOT NULL,
  `first_name` varchar(255) COLLATE utf8mb4_unicode_ci NOT NULL,
  `last_name` varchar(255) COLLATE utf8mb4_unicode_ci NOT NULL,
  `username` varchar(255) COLLATE utf8mb4_unicode_ci NOT NULL,
  `password` varchar(255) COLLATE utf8mb4_unicode_ci NOT NULL,
  `thumbnail` varchar(255) COLLATE utf8mb4_unicode_ci DEFAULT NULL,
  `email` varchar(255) COLLATE utf8mb4_unicode_ci NOT NULL,
  `member_group_id` bigint(20) UNSIGNED NOT NULL,
  `created_at` timestamp NULL DEFAULT NULL,
  `updated_at` timestamp NULL DEFAULT NULL
) ENGINE=InnoDB DEFAULT CHARSET=utf8mb4 COLLATE=utf8mb4_unicode_ci;

--
-- Dumping data for table `reg_users`
--

INSERT INTO `reg_users` (`id`, `first_name`, `last_name`, `username`, `password`, `thumbnail`, `email`, `member_group_id`, `created_at`, `updated_at`) VALUES
(1, 'ahmed', 'zaky', 'ahmed_finance', '123', 'ahmed.jpg', 'ahmed@gmail.com', 2, '2020-06-22 17:09:26', '2020-06-22 17:09:26'),
(2, 'محمد', 'سلامة', 'محمد', '123', NULL, 'moh_salama@gmail.com', 2, '2020-06-23 17:26:57', '2020-06-23 17:26:57');

-- --------------------------------------------------------

--
-- Table structure for table `users`
--

CREATE TABLE `users` (
  `id` bigint(20) UNSIGNED NOT NULL,
  `name` varchar(255) COLLATE utf8mb4_unicode_ci NOT NULL,
  `email` varchar(255) COLLATE utf8mb4_unicode_ci NOT NULL,
  `email_verified_at` timestamp NULL DEFAULT NULL,
  `password` varchar(255) COLLATE utf8mb4_unicode_ci NOT NULL,
  `remember_token` varchar(100) COLLATE utf8mb4_unicode_ci DEFAULT NULL,
  `created_at` timestamp NULL DEFAULT NULL,
  `updated_at` timestamp NULL DEFAULT NULL
) ENGINE=InnoDB DEFAULT CHARSET=utf8mb4 COLLATE=utf8mb4_unicode_ci;

--
-- Dumping data for table `users`
--

INSERT INTO `users` (`id`, `name`, `email`, `email_verified_at`, `password`, `remember_token`, `created_at`, `updated_at`) VALUES
(1, 'Admin Admin', 'admin@material.com', '2020-06-21 16:21:13', '$2y$10$71RPT6dbsuDhB7ydaEict.QLfhyR4FTF6SkpRiWVqtK/yfQsR00hW', NULL, '2020-06-21 16:21:13', '2020-06-21 16:21:13');

--
-- Indexes for dumped tables
--

--
-- Indexes for table `categories`
--
ALTER TABLE `categories`
  ADD PRIMARY KEY (`id`);

--
-- Indexes for table `comments`
--
ALTER TABLE `comments`
  ADD PRIMARY KEY (`id`),
  ADD KEY `comments_reg_user_id_foreign` (`reg_user_id`),
  ADD KEY `comments_post_id_foreign` (`post_id`);

--
-- Indexes for table `failed_jobs`
--
ALTER TABLE `failed_jobs`
  ADD PRIMARY KEY (`id`);

--
-- Indexes for table `likes`
--
ALTER TABLE `likes`
  ADD PRIMARY KEY (`id`),
  ADD KEY `likes_reg_user_id_foreign` (`reg_user_id`),
  ADD KEY `likes_post_id_foreign` (`post_id`);

--
-- Indexes for table `member_groups`
--
ALTER TABLE `member_groups`
  ADD PRIMARY KEY (`id`);

--
-- Indexes for table `migrations`
--
ALTER TABLE `migrations`
  ADD PRIMARY KEY (`id`);

--
-- Indexes for table `password_resets`
--
ALTER TABLE `password_resets`
  ADD KEY `password_resets_email_index` (`email`);

--
-- Indexes for table `posts`
--
ALTER TABLE `posts`
  ADD PRIMARY KEY (`id`),
  ADD KEY `posts_reg_user_id_foreign` (`reg_user_id`),
  ADD KEY `posts_category_id_foreign` (`category_id`);

--
-- Indexes for table `reg_users`
--
ALTER TABLE `reg_users`
  ADD PRIMARY KEY (`id`),
  ADD UNIQUE KEY `reg_users_email_unique` (`email`),
  ADD KEY `reg_users_member_group_id_foreign` (`member_group_id`);

--
-- Indexes for table `users`
--
ALTER TABLE `users`
  ADD PRIMARY KEY (`id`),
  ADD UNIQUE KEY `users_email_unique` (`email`);

--
-- AUTO_INCREMENT for dumped tables
--

--
-- AUTO_INCREMENT for table `categories`
--
ALTER TABLE `categories`
  MODIFY `id` bigint(20) UNSIGNED NOT NULL AUTO_INCREMENT, AUTO_INCREMENT=11;

--
-- AUTO_INCREMENT for table `comments`
--
ALTER TABLE `comments`
  MODIFY `id` bigint(20) UNSIGNED NOT NULL AUTO_INCREMENT, AUTO_INCREMENT=3;

--
-- AUTO_INCREMENT for table `failed_jobs`
--
ALTER TABLE `failed_jobs`
  MODIFY `id` bigint(20) UNSIGNED NOT NULL AUTO_INCREMENT;

--
-- AUTO_INCREMENT for table `likes`
--
ALTER TABLE `likes`
  MODIFY `id` bigint(20) UNSIGNED NOT NULL AUTO_INCREMENT;

--
-- AUTO_INCREMENT for table `member_groups`
--
ALTER TABLE `member_groups`
  MODIFY `id` bigint(20) UNSIGNED NOT NULL AUTO_INCREMENT, AUTO_INCREMENT=4;

--
-- AUTO_INCREMENT for table `migrations`
--
ALTER TABLE `migrations`
  MODIFY `id` int(10) UNSIGNED NOT NULL AUTO_INCREMENT, AUTO_INCREMENT=18;

--
-- AUTO_INCREMENT for table `posts`
--
ALTER TABLE `posts`
  MODIFY `id` bigint(20) UNSIGNED NOT NULL AUTO_INCREMENT, AUTO_INCREMENT=16;

--
-- AUTO_INCREMENT for table `reg_users`
--
ALTER TABLE `reg_users`
  MODIFY `id` bigint(20) UNSIGNED NOT NULL AUTO_INCREMENT, AUTO_INCREMENT=3;

--
-- AUTO_INCREMENT for table `users`
--
ALTER TABLE `users`
  MODIFY `id` bigint(20) UNSIGNED NOT NULL AUTO_INCREMENT, AUTO_INCREMENT=2;

--
-- Constraints for dumped tables
--

--
-- Constraints for table `comments`
--
ALTER TABLE `comments`
  ADD CONSTRAINT `comments_post_id_foreign` FOREIGN KEY (`post_id`) REFERENCES `posts` (`id`),
  ADD CONSTRAINT `comments_reg_user_id_foreign` FOREIGN KEY (`reg_user_id`) REFERENCES `reg_users` (`id`);

--
-- Constraints for table `likes`
--
ALTER TABLE `likes`
  ADD CONSTRAINT `likes_post_id_foreign` FOREIGN KEY (`post_id`) REFERENCES `posts` (`id`),
  ADD CONSTRAINT `likes_reg_user_id_foreign` FOREIGN KEY (`reg_user_id`) REFERENCES `reg_users` (`id`);

--
-- Constraints for table `posts`
--
ALTER TABLE `posts`
  ADD CONSTRAINT `posts_category_id_foreign` FOREIGN KEY (`category_id`) REFERENCES `categories` (`id`),
  ADD CONSTRAINT `posts_reg_user_id_foreign` FOREIGN KEY (`reg_user_id`) REFERENCES `reg_users` (`id`);

--
-- Constraints for table `reg_users`
--
ALTER TABLE `reg_users`
  ADD CONSTRAINT `reg_users_member_group_id_foreign` FOREIGN KEY (`member_group_id`) REFERENCES `member_groups` (`id`);
COMMIT;

/*!40101 SET CHARACTER_SET_CLIENT=@OLD_CHARACTER_SET_CLIENT */;
/*!40101 SET CHARACTER_SET_RESULTS=@OLD_CHARACTER_SET_RESULTS */;
/*!40101 SET COLLATION_CONNECTION=@OLD_COLLATION_CONNECTION */;
